{
 "scale": [
  0.5455031352994262,
  0.5466050625176061
 ],
 "cx0": 296.941406125,
 "cy0": 421.23046884999997,
 "Wpt": 306.35937575,
 "Hpt": 382.1406245999999,
 "Lpt": 143.76171825,
 "Tpt": 230.16015654999998,
 "holes": {
  "TL": {
   "X": -85.68772636823743,
   "Y": 99.49342077068825,
   "dia": 2.3872260676868073,
   "fx": 139.86123403542345,
   "fy": 239.20979690006982,
   "fr": 2.185887874899694
  },
  "TR": {
   "X": 78.11123166185376,
   "Y": 106.58255808259993,
   "dia": 2.401396303182593,
   "fx": 440.1325751711295,
   "fy": 226.24040126502052,
   "fr": 2.1988629954272296
  },
  "BL": {
   "X": -78.53304277896575,
   "Y": -105.43021860113983,
   "dia": 2.3981143230542625,
   "fx": 152.97698557981096,
   "fy": 614.112360787735,
   "fr": 2.195857816879087
  },
  "BR": {
   "X": 78.48611426369698,
   "Y": -107.31701273931718,
   "dia": 2.3934864287370283,
   "fx": 440.8197987223515,
   "fy": 617.5642024693451,
   "fr": 2.1916202382889027
  }
 }
}