{
 "L": 120,
 "R": 2571,
 "T": 120,
 "B": 3177,
 "sx": 0.06818441452468381,
 "sy": 0.06832842656198887,
 "cxpx": 1345.5,
 "cypx": 1648.5,
 "full_bot": 3177
}