{"polys": {"TL": [[-86.11389198396355, 101.37363117029878], [-82.56, 101.37363117029878], [-82.56, 101.25884410717008], [-82.56, 95.09313900197148], [-82.56, 94.97835193884279], [-82.56, 95.01114824259383], [-87.24308347403337, 98.30717676957501], [-87.50492497897709, 98.76632502208979], [-87.60311554333099, 99.09428805960037], [-87.63584573144895, 99.68462152711938], [-87.57038535521302, 100.04538086838099], [-87.34127403838727, 100.5701217283979], [-86.89941649879472, 101.04566813278822], [-86.5393844294971, 101.24244595529456]], "TR": [[77.86435048704394, 108.52322538802906], [78.4862240612853, 108.49042908427802], [78.97717688305478, 108.32644756552273], [79.43539951670628, 108.03128083176323], [79.74633630382698, 107.62132703487502], [79.90998724441678, 107.22777138986234], [79.94271743253475, 106.86701204860073], [80.04090799688865, 106.60464161859227], [80.04090799688865, 103.44], [79.92635233847578, 103.44], [73.70761659606231, 103.44], [73.59306093764944, 103.44], [73.59306093764944, 103.44], [76.78425427915109, 108.03128083176323], [77.3406674771565, 108.39204017302484]], "BL": [[-81.10617320191481, -103.44], [-76.7530581822254, -103.44], [-76.63850252381252, -103.44], [-76.63850252381252, -105.55464734699133], [-76.83488365252032, -106.30896233326563], [-76.99853459311014, -106.60412906702517], [-77.3094713802308, -106.91569395266018], [-77.8986147663542, -107.21086068641972], [-78.71686946930333, -107.30924959767286], [-79.40420341978061, -107.14526807891761], [-79.82969586531416, -106.88289764890915], [-80.2715534049067, -106.30896233326563], [-81.22072886032771, -103.44]], "BR": [[73.3475845267647, -103.44], [80.28638440777338, -103.44], [80.40094006618628, -103.44], [80.40094006618628, -107.55522187580581], [80.17182874936051, -108.2111479508269], [79.79543158600391, -108.71949065896831], [79.10809763552665, -109.11304630398094], [78.32257312069547, -109.21143521523415], [77.92981086327987, -109.14584260773202], [77.47158822962837, -108.94906478522569], [73.29848924458774, -103.44], [73.23302886835184, -103.44]]}, "holes": {"TL": [-85.68772636823743, 99.49342077068825], "TR": [78.11123166185376, 106.58255808259993], "BL": [-78.53304277896575, -105.43021860113983], "BR": [78.48611426369698, -107.31701273931718]}}