{"polys": {"TL": [[-86.11389198396355, 101.63600160030722], [-82.56, 101.63600160030722], [-82.56, 101.42282562592537], [-82.56, 94.9291574832162], [-82.56, 94.71598150883433], [-82.56, 94.74877781258539], [-87.50492497897709, 98.30717676957501], [-87.76676648392082, 98.76632502208979], [-87.89768723639267, 99.68462152711938], [-87.60311554333099, 100.5701217283979], [-86.89941649879472, 101.30803856279667]], "TR": [[77.86435048704394, 108.78559581803752], [78.4862240612853, 108.75279951428647], [79.10809763552665, 108.52322538802906], [79.43539951670628, 108.29365126177167], [80.00817780877068, 107.62132703487502], [80.30274950183238, 106.60464161859227], [80.30274950183238, 103.44], [80.09000327906561, 103.44], [73.5439656554725, 103.44], [73.33121943270571, 103.44], [73.33121943270571, 103.44], [76.78425427915109, 108.29365126177167], [77.3406674771565, 108.65441060303328]], "BL": [[-81.20436376626873, -103.44], [-76.58940724163557, -103.44], [-76.3766610188688, -103.44], [-76.3766610188688, -105.55464734699133], [-76.50758177134065, -106.14498081451036], [-76.86761384063827, -106.76811058578043], [-77.3094713802308, -107.17806438266864], [-77.8004242020003, -107.4404348126771], [-78.42229777624165, -107.57162002768132], [-79.24055247919078, -107.47323111642812], [-79.82969586531416, -107.14526807891761], [-80.53339490985041, -106.30896233326563], [-81.4171099890355, -103.44]], "BR": [[73.18393358617487, -103.44], [80.45003534836322, -103.44], [80.66278157112998, -103.44], [80.66278157112998, -107.55522187580581], [80.43367025430425, -108.2111479508269], [79.79543158600391, -108.9818610889767], [79.10809763552665, -109.3754167339894], [78.32257312069547, -109.4738056452426], [77.47158822962837, -109.21143521523415], [73.03664773964402, -103.44], [72.97118736340809, -103.44]]}, "holes": {"TL": [-85.68772636823743, 99.49342077068825], "TR": [78.11123166185376, 106.58255808259993], "BL": [-78.53304277896575, -105.43021860113983], "BR": [78.48611426369698, -107.31701273931718]}}