{"polys": {"TL": [[-86.11389198396355, 101.37363117029878], [-83.65912787511614, 101.37363117029878], [-83.57730240482122, 101.29164041092113], [-83.57730240482122, 95.06034269822042], [-83.65912787511614, 94.97835193884279], [-83.95369956817783, 95.01114824259383], [-87.24308347403337, 98.30717676957501], [-87.50492497897709, 98.76632502208979], [-87.60311554333099, 99.09428805960037], [-87.63584573144895, 99.68462152711938], [-87.57038535521302, 100.04538086838099], [-87.34127403838727, 100.5701217283979], [-87.17762309779744, 100.79969585465528], [-86.89941649879472, 101.04566813278822], [-86.5393844294971, 101.24244595529456]], "TR": [[77.86435048704394, 108.52322538802906], [78.4862240612853, 108.49042908427802], [78.97717688305478, 108.32644756552273], [79.43539951670628, 108.03128083176323], [79.74633630382698, 107.62132703487502], [79.90998724441678, 107.22777138986234], [79.94271743253475, 106.86701204860073], [80.04090799688865, 106.60464161859227], [80.04090799688865, 104.53847448227572], [79.95908252659375, 104.45648372289807], [73.67488640794434, 104.45648372289807], [73.59306093764944, 104.53847448227572], [73.59306093764944, 104.83364121603522], [76.78425427915109, 108.03128083176323], [77.3406674771565, 108.39204017302484]], "BL": [[-81.33528451874058, -104.44777209539319], [-76.52394686539964, -104.44777209539319], [-76.51576431837016, -105.45625843573818], [-76.58122469460609, -105.66943441012005], [-76.59758978866508, -105.8662122326264], [-76.67941525895998, -106.17777711826139], [-76.84306619954981, -106.52213830764748], [-77.02308223419863, -106.76811058578043], [-77.35856666240775, -107.05507824360215], [-77.73496382576437, -107.2518560661085], [-78.02953551882607, -107.35024497736171], [-78.30774211782877, -107.39943943298825], [-78.81506003365723, -107.39943943298825], [-79.28964776136772, -107.28465236985959], [-79.60058454848841, -107.13706900297979], [-79.74787039501925, -107.03868009172665], [-80.09971991728737, -106.6861198264028], [-80.32883123411312, -106.35815678889222], [-81.3107368776521, -104.53796193070858]], "BR": [[73.13483830399794, -104.44777209539319], [80.51549572459915, -104.44777209539319], [80.49094808351067, -104.48876747508203], [80.49094808351067, -107.58801817955684], [80.40912261321577, -107.8995830651919], [80.22910657856697, -108.29313871020453], [79.9836301676822, -108.63749989959062], [79.72997120976798, -108.87527310178581], [79.51722498700121, -109.02285646866555], [79.22265329393952, -109.1704398355453], [79.02627216523172, -109.2360324430474], [78.71533537811104, -109.30162505054953], [78.22438255634157, -109.30162505054953], [77.9134457692209, -109.2360324430474], [77.55341369992327, -109.08844907616766], [77.22611181874363, -108.87527310178581], [77.15246889547818, -108.76868511459485], [76.73515899697412, -108.35053224176889], [73.22484632132232, -104.89872127197023], [73.22484632132232, -104.81673051259261], [73.15938594508638, -104.75113790509049], [73.15938594508638, -104.48876747508203]]}, "holes": {"TL": [-85.68772636823743, 99.49342077068825], "TR": [78.11123166185376, 106.58255808259993], "BL": [-78.53304277896575, -105.43021860113983], "BR": [78.48611426369698, -107.31701273931718]}}