{"polys": {"TL": [[-86.11389198396355, 101.37363117029878], [-83.65912787511614, 101.37363117029878], [-83.57730240482122, 101.29164041092113], [-83.57730240482122, 95.06034269822042], [-83.65912787511614, 94.97835193884279], [-83.95369956817783, 95.01114824259383], [-87.24308347403337, 98.30717676957501], [-87.50492497897709, 98.76632502208979], [-87.60311554333099, 99.09428805960037], [-87.63584573144895, 99.68462152711938], [-87.57038535521302, 100.04538086838099], [-87.34127403838727, 100.5701217283979], [-87.17762309779744, 100.79969585465528], [-86.89941649879472, 101.04566813278822], [-86.5393844294971, 101.24244595529456]], "TR": [[77.86435048704394, 108.52322538802906], [78.4862240612853, 108.49042908427802], [78.97717688305478, 108.32644756552273], [79.43539951670628, 108.03128083176323], [79.74633630382698, 107.62132703487502], [79.90998724441678, 107.22777138986234], [79.94271743253475, 106.86701204860073], [80.04090799688865, 106.60464161859227], [80.04090799688865, 104.53847448227572], [79.95908252659375, 104.45648372289807], [73.67488640794434, 104.45648372289807], [73.59306093764944, 104.53847448227572], [73.59306093764944, 104.83364121603522], [76.78425427915109, 108.03128083176323], [77.3406674771565, 108.39204017302484]], "BL": [[-81.17163357815075, -104.44777209539319], [-76.67123271193049, -104.44777209539319], [-76.63031997678304, -104.48876747508203], [-76.63031997678304, -105.45625843573818], [-76.7612407292549, -106.07938820700825], [-76.87579638766778, -106.37455494076774], [-77.24401100399488, -106.8583004210958], [-77.5222176029976, -107.03868009172665], [-77.91497986041318, -107.2026616104819], [-78.30774211782877, -107.28465236985959], [-78.81506003365723, -107.28465236985959], [-79.37147323166265, -107.13706900297979], [-79.81333077125518, -106.87469857297138], [-80.18154538758229, -106.40735124451882], [-81.19618121923922, -104.53796193070858]], "BR": [[73.31485433864674, -104.44777209539319], [80.33547968995035, -104.44777209539319], [80.3763924250978, -104.48876747508203], [80.3763924250978, -107.58801817955684], [80.11455092015407, -108.29313871020453], [79.72997120976798, -108.76048603865709], [79.51722498700121, -108.90806940553684], [79.02627216523172, -109.12124537991876], [78.71533537811104, -109.18683798742082], [78.22438255634157, -109.18683798742082], [77.55341369992327, -108.97366201303895], [77.3406674771565, -108.84247679803472], [73.33940197973521, -104.89872127197023], [73.33940197973521, -104.81673051259261], [73.27394160349928, -104.75113790509049], [73.27394160349928, -104.48876747508203]]}, "holes": {"TL": [-85.68772636823743, 99.49342077068825], "TR": [78.11123166185376, 106.58255808259993], "BL": [-78.53304277896575, -105.43021860113983], "BR": [78.48611426369698, -107.31701273931718]}}