{
 "holes": {
  "TL": {
   "cx_pt": 139.86123403542345,
   "cy_pt": 239.20979690006982,
   "dia": 2.4758638763560517,
   "Xtl": -2.2525792572857073,
   "Ytl": 5.023867123964551,
   "Xc": -85.8125792572857,
   "Yc": 99.41613287603545
  },
  "TR": {
   "cx_pt": 440.1325751711295,
   "cy_pt": 226.24040126502052,
   "dia": 2.490560253317731,
   "Xtl": 171.15794040894565,
   "Ytl": -2.176034510591643,
   "Xc": 87.59794040894565,
   "Yc": 106.61603451059165
  },
  "BL": {
   "cx_pt": 152.97698557981096,
   "cy_pt": 614.112360787735,
   "dia": 2.487156413123189,
   "Xtl": 5.321934122922319,
   "Ytl": 213.14933869485697,
   "Xc": -78.23806587707767,
   "Yc": -108.70933869485698
  },
  "BR": {
   "cx_pt": 440.8197987223515,
   "cy_pt": 617.5642024693451,
   "dia": 2.4823566848868364,
   "Xtl": 171.5548207528824,
   "Ytl": 215.06561307378712,
   "Xc": 87.99482075288238,
   "Yc": -110.62561307378714
  }
 },
 "outline_pt": [
  143.76171825,
  230.16015654999998,
  433.14062459999997,
  606.4218748
 ],
 "scale": [
  0.5775127223608709,
  0.555145500774048
 ]
}